{
  "Component.js": 1765873829430,
  "controller/home.controller.js": 1765876821406,
  "model/models.js": 1765873829439,
  "controller/App.controller.js": 1765873829440,
  "manifest.json": 1765875781147,
  "i18n/i18n.properties": 1765873829434,
  "controller/home-dbg.controller.js": 1765876821406,
  "controller/home.controller.js.map": 1768452928118,
  "model/models-dbg.js": 1765873829439,
  "model/models.js.map": 1768452928092,
  "controller/App-dbg.controller.js": 1765873829440,
  "controller/App.controller.js.map": 1768452928096,
  "Component-dbg.js": 1765873829430,
  "Component.js.map": 1768452928094,
  "Component-preload.js": 1768452928283,
  "Component-preload.js.map": 1768452928283,
  "view/home.view.xml": 1765876722471,
  "view/App.view.xml": 1765873829442,
  "view/ActionSheet.fragment.xml": 1765876750138,
  "css/style.css": 1765873829441,
  "index.html": 1765873829430
}