{
  "controller/home.controller.js": 1769935857677,
  "controller/App.controller.js": 1765873829440,
  "i18n/i18n.properties": 1765873829434,
  "model/models.js": 1765873829439,
  "manifest.json": 1769939774056,
  "Component.js": 1765873829430,
  "controller/home-dbg.controller.js": 1769935857677,
  "controller/home.controller.js.map": 1770017972232,
  "controller/App-dbg.controller.js": 1765873829440,
  "controller/App.controller.js.map": 1770017972213,
  "model/models-dbg.js": 1765873829439,
  "model/models.js.map": 1770017972236,
  "Component-dbg.js": 1765873829430,
  "Component.js.map": 1770017972225,
  "Component-preload.js": 1770017972441,
  "Component-preload.js.map": 1770017972441,
  "view/home.view.xml": 1769935857677,
  "view/App.view.xml": 1765873829442,
  "view/ActionSheet.fragment.xml": 1765876750138,
  "css/style.css": 1765873829441,
  "index.html": 1765873829430
}